{"cameraMode":{"drawMode":0,"name":"Shaded","section":"Shading Mode"},"sceneLighting":false,"audioPlay":false,"sceneViewState":{"showFog":true,"showMaterialUpdate":false,"showSkybox":false,"showFlares":true,"showImageEffects":true,"showParticleSystems":true},"in2DMode":false,"pivot":{"x":25.22153663635254,"y":1.336693286895752,"z":-22.351844787597658},"rotation":{"x":0.0019862970802932979,"y":-0.9867821931838989,"z":0.1615857183933258,"w":0.01212978083640337},"size":4.315459251403809,"orthographic":false}