{"cameraMode":{"drawMode":0,"name":"Shaded","section":"Shading Mode"},"sceneLighting":true,"audioPlay":false,"sceneViewState":{"showFog":true,"showMaterialUpdate":false,"showSkybox":true,"showFlares":true,"showImageEffects":true,"showParticleSystems":true},"in2DMode":false,"pivot":{"x":0.010000109672546387,"y":0.8180544376373291,"z":0.0045516639947891239},"rotation":{"x":0.0005036910297349095,"y":0.9991440773010254,"z":-0.03929552435874939,"w":0.012917517684400082},"size":3.2548255920410158,"orthographic":false}